{"Epoch": 30, "loss": 0.6870277523994446, "valid_loss": 0.6934772729873657, "Valid_Accuracy": 51.30890052356021, "_timestamp": 1647623471, "_runtime": 4156, "_step": 29, "_wandb": {"runtime": 4158}}