{"Epoch": 5, "loss": 0.17719878256320953, "valid_loss": 0.16013696789741516, "Valid_Accuracy": 0.0, "_timestamp": 1660000193, "_runtime": 65, "_step": 4, "_wandb": {"runtime": 66}}