{"Epoch": 5, "loss": 0.579707682132721, "valid_loss": 0.6352230906486511, "Valid_Accuracy": 100.0, "_timestamp": 1660151975, "_runtime": 42, "_step": 4, "_wandb": {"runtime": 42}}