{"Epoch": 18, "loss": 0.3812984526157379, "valid_loss": 0.36186453700065613, "Valid_Accuracy": 0.0, "_timestamp": 1659999744, "_runtime": 67, "_step": 17, "_wandb": {"runtime": 70}}