{"Epoch": 5, "loss": 0.579707682132721, "valid_loss": 0.6823469996452332, "Valid_Accuracy": 100.0, "_timestamp": 1660152033, "_runtime": 43, "_step": 4, "_wandb": {"runtime": 44}}