{"Epoch": 1, "loss": 0.689102292060852, "valid_loss": 0.6950786113739014, "Valid_Accuracy": 51.57068062827225, "_timestamp": 1647543016, "_runtime": 147, "_step": 0, "_wandb": {"runtime": 147}}