{"Epoch": 15, "loss": 0.6892141103744507, "valid_loss": 0.6944790482521057, "Valid_Accuracy": 50.78534031413613, "_timestamp": 1647545304, "_runtime": 2045, "_step": 14}