{"Epoch": 5, "loss": 0.34391698241233826, "valid_loss": 0.3490670323371887, "Valid_Accuracy": 100.0, "_timestamp": 1659931314, "_runtime": 47, "_step": 4, "_wandb": {"runtime": 48}}