{"Epoch": 50, "loss": 0.0387708842754364, "valid_loss": 0.037000738084316254, "Valid_Accuracy": 100.0, "_timestamp": 1659931709, "_runtime": 279, "_step": 49, "_wandb": {"runtime": 280}}