{"Epoch": 50, "loss": 0.191820427775383, "valid_loss": 0.36175164580345154, "Valid_Accuracy": 0.0, "_timestamp": 1660152377, "_runtime": 315, "_step": 49, "_wandb": {"runtime": 316}}