{"Epoch": 5, "loss": 0.24426625669002533, "valid_loss": 0.22303511202335358, "Valid_Accuracy": 100.0, "_timestamp": 1659931403, "_runtime": 50, "_step": 4, "_wandb": {"runtime": 52}}