{"Epoch": 2, "loss": 0.10636287927627563, "valid_loss": 1.5372722148895264, "Valid_Accuracy": 50.02225684397953, "_timestamp": 1659920216, "_runtime": 2884, "_step": 1, "_wandb": {"runtime": 2945}}