{"Epoch": 5, "loss": 0.17719720304012299, "valid_loss": 0.16013677418231964, "Valid_Accuracy": 38.28125, "_timestamp": 1660151895, "_runtime": 82, "_step": 4, "_wandb": {"runtime": 84}}