{"Epoch": 3, "loss": 0.10308102518320084, "valid_loss": 1.251075267791748, "Valid_Accuracy": 50.126122115883966, "_timestamp": 1659928892, "_runtime": 4436, "_step": 2, "_wandb": {"runtime": 5544}}