{"Epoch": 50, "loss": 0.0387708842754364, "valid_loss": 0.037767667323350906, "Valid_Accuracy": 100.0, "_timestamp": 1659936348, "_runtime": 277, "_step": 49, "_wandb": {"runtime": 278}}