{"Epoch": 50, "loss": 0.01254059374332428, "valid_loss": 0.014296143315732479, "Valid_Accuracy": 40.0, "_timestamp": 1660153091, "_runtime": 421, "_step": 49, "_wandb": {"runtime": 422}}